/*
Navicat MySQL Data Transfer

Source Server         : Test
Source Server Version : 50505
Source Host           : localhost:3306
Source Database       : web

Target Server Type    : MYSQL
Target Server Version : 50505
File Encoding         : 65001

Date: 2019-05-08 14:38:15
*/

SET FOREIGN_KEY_CHECKS=0;

-- ----------------------------
-- Table structure for `tblbaiviet`
-- ----------------------------
DROP TABLE IF EXISTS `tblbaiviet`;
CREATE TABLE `tblbaiviet` (
  `idbaiviet` int(10) NOT NULL AUTO_INCREMENT,
  `iddanhmucbaiviet` int(10) NOT NULL,
  `title` varchar(100) CHARACTER SET utf8 COLLATE utf8_unicode_ci NOT NULL,
  `tomtat` varchar(100) CHARACTER SET utf8 COLLATE utf8_unicode_ci DEFAULT NULL,
  `noidung` text CHARACTER SET utf8 COLLATE utf8_unicode_ci NOT NULL,
  `ngaydang` date NOT NULL,
  `anh` varchar(200) NOT NULL,
  `view` int(10) NOT NULL,
  `ordernum` int(10) NOT NULL,
  `status` int(1) NOT NULL,
  PRIMARY KEY (`idbaiviet`)
) ENGINE=InnoDB AUTO_INCREMENT=23 DEFAULT CHARSET=latin1;

-- ----------------------------
-- Records of tblbaiviet
-- ----------------------------
INSERT INTO `tblbaiviet` VALUES ('2', '1', 'BẢO TRÌ ĐỊNH KỲ TẤT CẢ CÁC MÁY CHỦ', 'BẢO TRÌ ĐỊNH KỲ TẤT CẢ CÁC MÁY CHỦ', 'THÔNG BÁO KÊNH HỖ TRỢ LỄ 30/4 VÀ 1/5\r\nCác bạn thân mến!\r\n\r\nBĐH xin thông báo lịch làm việc của các kênh hỗ trợ trong dịp Đại Lễ 30/4 và 1/5:\r\n\r\nKênh Hỗ Trợ\r\nThời Gian Làm Việc\r\nSố điện thoại: 034 697 5564\r\nThời gian hoạt động: 18h - 21h từ ngày 28/04/2019 đến 01/05/2019\r\nHotline 19006837\r\nNghỉ Lễ từ 28/04/2019 đến 01/05/2019\r\nHộp thư: hotro@kul.vn	Hoạt động bình thường\r\nKính chúc các Gamer kỳ nghỉ lễ vui vẻ và hạnh phúc!\r\n\r\n', '2019-04-26', 'images/god_7aa2b247b9bb8de4ff3014138c5f9de3_116x116.png', '11', '1', '1');
INSERT INTO `tblbaiviet` VALUES ('3', '1', '11.04 BẢO TRÌ ĐỊNH KỲ MÁY CHỦ', '', '11.04 BẢO TRÌ ĐỊNH KỲ MÁY CHỦ\r\nCác Lãnh Chúa thân mến!\r\n\r\nBDH Game Of Dragons sẽ tiến hành bảo trì tất cả các máy chủ trong hôm nay 11.04. Thời gian dự kiến như sau:\r\n\r\nBẢO TRÌ ĐỊNH KỲ\r\n9h00 đến 10h00  NGÀY 11.04.2019\r\nTrong thời gian bảo trì, các Lãnh Chúa không thể truy cập vào game.Mọi hoạt động sẽ trở lại bình thường sau thời gian trên.\r\n\r\nRât mong các Lãnh Chúa sẽ thông cảm cho sự bất tiện này.\r\n\r\n\r\n\r\n', '2019-04-11', 'images/god_accef3bec5bac992e371dc64bb1f018e_116x116.png', '11', '2', '1');
INSERT INTO `tblbaiviet` VALUES ('4', '1', 'Mua thẻ Kul tại Circle K nhận điểm đổi VipCode', 'Nhân dịp thẻ nạp Kul Game có mặt hệ thống Circle K, mời các game thủ tham gia sự kiện ưu đãi sau đây', 'MUA THẺ KUL TẠI CIRCLE K NHẬN ĐIỂM ĐỔI VIPCODE\r\nCác bạn thân mến,\r\n\r\nNhân dịp thẻ nạp Kul Game có mặt hệ thống Circle K, mời các game thủ tham gia sự kiện ưu đãi sau đây:\r\n\r\n\r\n\r\nNỘI DUNG\r\nGame thủ khi mua thẻ nạp Kul Game trị giá 10.000 đến 500.000 tại hệ thống Circle K sẽ nhận được thêm 01 mã code khuyến mãi.\r\nDùng mã này để truy cập vào trang: http://event.kul.vn/doi-giftcode-mua-the-kul/the-le.html để đổi điểm.\r\nDùng điểm để đổi Giftcode/VipCode (chọn game bất kỳ để đổi)\r\nHình thức mua thẻ: Mua trực tiếp tại các cửa hàng Circle K.\r\n\r\nTra cứu địa chỉ cửa hàng Circle K tại đây\r\n\r\nHƯỚNG DẪN\r\nSau khi mua thẻ Kul Game tại Circle K, bạn sẽ nhận được kèm theo 1 mã code với tỉ lệ tương ứng như sau:\r\n\r\nThẻ Kul 10.000 sẽ được 1 Giftcode 10 điểm.\r\nThẻ Kul 20.000 sẽ được 1 Giftcode 20 điểm.\r\nThẻ Kul 50.000 sẽ được 1 Giftcode 50 điểm.\r\nThẻ Kul 100.000 sẽ được 1 Giftcode 100 điểm.\r\nThẻ Kul 200.000 sẽ được 1 Giftcode 200 điểm.\r\nThẻ Kul 500.000 sẽ được 1 Giftcode 500 điểm.\r\n- Bước 1:Truy cập trang: http://event.kul.vn/doi-giftcode-mua-the-kul/the-le.html\r\n\r\n- Bước 2: Click Đổi Điểm để nhập mã code của Circle K (bước này cần đăng nhập vào tài khoản Kul)\r\n\r\n\r\n\r\n- Bước 3: Sau khi nhập mã code khuyến mãi của Circle K -> Click Đổi GiftCode Game để đổi GiftCode hoặc VipCode tùy thuộc vào số điểm bạn đang có.\r\n\r\n\r\n\r\nChúc các bạn có những khoảnh khắc thư giãn thật ý nghĩa cùng Kul Game!', '2019-04-01', 'images/god_9d1a6fb5b694ae91a1040f7f25333f78_116x116.jpg', '11', '3', '1');
INSERT INTO `tblbaiviet` VALUES ('5', '1', 'Kết thúc ưu đãi nhận code khi mua thẻ Kul tại FPT Shop', 'Kể từ ngày 27/03/2019, người chơi khi mua thẻ Kul tại FPT Shop sẽ không nhận được mã code đổi điểm n', 'KẾT THÚC ƯU ĐÃI NHẬN CODE KHI MUA THẺ KUL TẠI FPT SHOP\r\nCác bạn thân mến,\r\n\r\nKul Game xin thông báo: chương trình ưu đãi khi mua thẻ Kul tại FPT Shop đã kết thúc - kể từ ngày 27/03/2019, người chơi khi mua thẻ Kul tại FPT Shop sẽ không nhận được mã code đổi điểm nữa.\r\n\r\nLưu ý: Hệ thống bán thẻ Kul tại FPT Shop vẫn hoạt động bình thường\r\n\r\n\r\n\r\nKul Game sẽ tiếp tục gửi đến các bạn các ưu đãi mới khi tham gia mua thẻ Kul tại các hệ thống khác trong thời gian sắp tới.\r\n\r\nChúc các bạn có những giây phút giải trí ý nghĩa cùng Kul Game!', '2019-03-27', 'images/god_e802fc8119e30b08b5861e18d5147b37_116x116.png', '11', '4', '1');
INSERT INTO `tblbaiviet` VALUES ('6', '1', '07.03 Cập Nhật Dực Linh Thần Dực', 'Để tiến hành cập nhật tính năng mới, GOD sẽ tiến hành bảo trì từ 9h00 đến 11h00.', '	\r\n07.03 CẬP NHẬT DỰC LINH THẦN DỰC\r\nCác Lãnh Chúa thân mến!\r\n\r\nVào ngày 06.03 BĐH sẽ tiến hành cập nhật phiên bản mới, thời gian như sau:\r\n\r\nBẢO TRÌ CẬP NHẬT TÍNH NĂNG\r\n09:00 ĐẾN 11:00 NGÀY 07.03.2019\r\nHệ Thống Dực Linh Thần Dực\r\n- Điều kiện tham gia: Cấp Đỉnh 7 (Lv 77)\r\n\r\n- Trò chuyện với Arch Angel để nhận nhiệm vụ, tùy bạn chọn Nguồn Gốc Thuần Khiết hoặc Nguồn Gốc Ô Uế làm nguyên liệu tăng phẩm cách mà quyết định đến cách xây dựng thuộc tính nhân vật của mình.\r\n\r\n\r\n\r\n\r\n\r\nPhụ Bản : Chiến Trường Vĩnh Hằng\r\n- Cấp yêu cầu : Đỉnh 7\r\n\r\n- Là nơi để thu thập Thần Dực Linh để tăng cấp phẩm cách Thần Dực.\r\n\r\n\r\n\r\n- Khi bắt đầu Phụ bản bạn phải lựa chọn 1 trong 2 thế lực để tham gia :\r\n\r\n\r\n\r\n- Hãy chiến đấu bảo vệ thủ lĩnh phe mình để giành chiến thắng\r\n\r\n\r\n\r\n- Sau khi thủ thành công sẽ chuyển sang giai đoạn 2 diệt Boss.\r\n\r\n', '2019-03-07', 'images/god_7aa2b247b9bb8de4ff3014138c5f9de3_116x116.png', '11', '15', '1');
INSERT INTO `tblbaiviet` VALUES ('7', '1', 'Bảo Trì Cập Nhật Tính Năng Mới', 'Dự kiến từ 09h00 đến 12h00', 'BẢO TRÌ CẬP NHẬT TÍNH NĂNG MỚI\r\nCác Lãnh Chúa thân mến!\r\n\r\nVào ngày 14.02 BĐH sẽ tiến hành cập nhật phiên bản mới, thời gian như sau:\r\n\r\nBẢO TRÌ CẬP NHẬT TÍNH NĂNG\r\n09:00 ĐẾN 12:00 NGÀY 14.02.2019\r\nMở hệ thống Thiên Thần - Đá Thiên Thần\r\n- Cấp yêu cầu: Đỉnh 5 (lvl 75)\r\n\r\n\r\n\r\n- Đá thiên mệnh có thể nhận từ Rương Tế Phẩm – Phụ bản Thí Luyện Thiên Thần, event v.v...\r\n\r\n- Vào \"Tiệm Rèn\" để gép đá Thiên mệnh.\r\n\r\n- Dùng vật phẩm Thiên Mệnh để tăng cấp Thiên Mệnh\r\n\r\n\r\n\r\n- Đạt yêu cầu Cấp Thiên Mệnh và Đá Thiên Mệnh sẽ kích hoạt thuộc tính và kỹ năng cộng hưởng.\r\n\r\n\r\n\r\nThêm vật liệu nuôi Pet\r\nÔ Nuôi Pet cập nhât thêm vật phẩm mới Minh Chứng Anh Hùng.\r\n\r\n\r\n\r\nChúc các Lãnh Chúa ngày V-day vui vẻ bên người yêu nhé!', '2019-02-13', 'images/avata.png', '11', '16', '1');
INSERT INTO `tblbaiviet` VALUES ('8', '2', 'Tiệc Tài Nguyên - Thánh Khí Death Note', 'Thánh Khí Death Note sẽ xuất hiện tại tiệc tài nguyên tuần này.', 'TIỆC TÀI NGUYÊN - THÁNH KHÍ DEATH NOTE\r\n\r\n\r\nThời gian:00:00 26-04-2018 đến 23:59 28-04-2018\r\nĐối tượng: S1 đến S49\r\nNội dung sự kiện\r\n- Trong Thời gian HĐ, thu thập tài nguyên từ các hoạt động trong game để nhận được Điểm Tích Lũy.\r\n\r\n- Điểm Tích Lũy đạt được mức chỉ định sẽ nhận được phần thưởng.\r\n\r\n\r\n\r\n\r\n\r\nCác Mốc Thưởng Tích Điểm\r\n\r\n\r\nXẾP HẠNG	QUÀ THƯỞNG\r\n1	Thẻ danh hiệu \"Đại Gia\" *1\r\nDeath Note *4\r\nMảnh Brand *30\r\n2	Thẻ danh hiệu \"Phú Hào\" *1\r\nDeath Note *2\r\nMảnh Brand *15\r\n3	Thẻ danh hiệu \"Phú Quý\" *1\r\nDeath Note *1\r\nMảnh Brand *10\r\n4 - 10	Thẻ danh hiệu \"Hào Môn\" *1\r\nĐá Tấn Công Lv6 *1\r\nMảnh Brand *5\r\n11 - 20	Vàng *3.000.000\r\nĐá Tấn Công Lv5 *1\r\nMảnh Brand *5\r\n21 - 30	Vàng *2.000.000\r\nĐá Tấn Công Lv4 *1\r\nHồn Thánh Khí *1\r\n\r\n\r\nThánh Khí Death Note\r\n\r\n', '2018-04-24', 'images/god_e04c6d0d7b99a4e4ccd587f090a985b1_116x116.png', '11', '5', '1');
INSERT INTO `tblbaiviet` VALUES ('9', '2', 'Ưu Đãi Nạp Tiêu Nhận Quà Vui', 'Tham gia ngay.', 'ƯU ĐÃI NẠP TIÊU NHẬN QUÀ VUI\r\n\r\n\r\nNẠP MỖI NGÀY\r\nNẠP VÉ SAO\r\nTÍCH TIÊU NGÀY\r\nNẠP TÍCH LŨY\r\nTÍCH NẠP NGÀY\r\nTIÊU TÍCH LŨY\r\nNẠP MỖI NGÀY: TÀI NGUYÊN\r\n- Thời gian: 00:00 ngày 26-04-2018 đến 23:59 ngày 28-04-2018\r\n\r\n- Phạm vi áp dụng: S1 – S49\r\n\r\n\r\n\r\n- Trong thời gian sự kiện, đạt điều kiện nhất định nhận được phần thưởng.\r\n\r\n- Reset 0h mỗi ngày.\r\n\r\nNẠP MỖI NGÀY: VÉ SAO MAY MẮN\r\n- Thời gian: 00:00 ngày 26-04-2018 đến 23:59 ngày 28-04-2018\r\n\r\n- Phạm vi áp dụng: S1 – S49\r\n\r\n\r\n\r\n- Trong thời gian hoạt động, đạt điều kiện được nhận phần thưởng.\r\n\r\n- Reset 0h mỗi ngày.\r\n\r\nTÍCH TIÊU MỖI NGÀY: QUÀ TIỆC TÀI NGUYÊN\r\n- Thời gian: 00:00 ngày 26-04-2018 đến 23:59 ngày 28-04-2018\r\n\r\n- Phạm vi áp dụng: S1 – S49\r\n\r\n\r\n\r\n- Trong thời gian hoạt động, đạt điều kiện được nhận phần thưởng.\r\n\r\n- Reset 0h mỗi ngày.\r\n\r\nNẠP TÍCH LŨY: TÀI NGUYÊN LỄ HỘI\r\n- Thời gian: 00:00 ngày 26-04-2018 đến 23:59 ngày 28-04-2018\r\n\r\n- Phạm vi áp dụng: S1 – s49\r\n\r\n\r\n\r\n- Trong thời gian hoạt động, đạt điều kiện được nhận phần thưởng.\r\n\r\nTÍCH NẠP MỖI NGÀY: LỄ HỘI\r\n- Thời gian: 00:00 ngày 26-04-2018 đến 23:59 ngày 28-04-2018\r\n\r\n- Phạm vi áp dụng: S1 – S49\r\n\r\n\r\n\r\n- Trong thời gian hoạt động, đạt điều kiện được nhận phần thưởng.\r\n\r\n- Reset 0h mỗi ngày.\r\n\r\nTIÊU PHÍ TÍCH LŨY: LỄ HỘI\r\n- Thời gian: 00:00 ngày 26-04-2018 đến 23:59 ngày 28-04-2018\r\n\r\n- Phạm vi áp dụng: S1 – S49\r\n\r\n\r\n\r\n- Trong thời gian hoạt động, đạt điều kiện được nhận phần thưởng.\r\n\r\n** Lưu ý:\r\n\r\n- Người chơi lưu ý thời gian còn lại của event, và nhớ nhận hết các phần thưởng trước khi Event kết thúc để tránh trường hợp mất mát không đáng có.\r\n\r\n- Mọi thông tin cụ thể lấy Ingame làm chuẩn.', '2018-04-24', 'images/god_7582f8bfb52cafb637fce9d3fecf1c56_116x116.png', '11', '4', '1');
INSERT INTO `tblbaiviet` VALUES ('10', '2', '10/05: Tiến Hành Bảo Trì Server Định Kỳ', 'Game Of Dragons tiến hành bảo trì định kì hằng tuần', '10/05: TIẾN HÀNH BẢO TRÌ SERVER ĐỊNH KỲ\r\nCác Lãnh Chúa thân mến,\r\n\r\nNhằm nâng cao chất lượng đường truyền, và tránh tình trạng quá tải. BDH Games Of Dragon sẽ tiến hành bảo dưỡng máy chủ định kỳ. Chi tiết như sau:\r\n\r\nThời gian dự kiến : 9h00 đến 10h00 ngày 10-05-2018\r\n\r\nMọi hoạt động sẽ trở lại bình thường sau thời gian trên.\r\n\r\nRất mong các lãnh chúa thông cảm cho sự bất tiện này. Lúc này, mời các lãnh chúa cùng thảo luận và nhận Giftcode tại Fanpage Game Of Dragons.\r\n\r\nTrân trọng thông báo.', '2018-05-10', 'images/god_96e0a726e5832c1ab3a38c72efc35167_116x116.png', '11', '3', '1');
INSERT INTO `tblbaiviet` VALUES ('11', '2', 'Hè Sôi Động Cùng Khuyến Mãi Kim Cương Khủng', 'Tham Gia Ngay Đi', 'HÈ SÔI ĐỘNG CÙNG KHUYẾN MÃI KIM CƯƠNG KHỦNG\r\nCác Lãnh Chúa thân mến!\r\n\r\nHãy cùng G.O.D chào đón hè sôi động cùng Khuyến Mãi Kim Cương siêu HOT từ BDH nhé!\r\n\r\nKHUYẾN MÃI X2 KIM CƯƠNG \r\n 18.05.2018 ĐẾN 23h59 ngày 19.05.2018\r\n*Lưu ý: mốc nạp sẽ được reset vào lúc 0h mỗi ngày\r\n\r\nMời các Lãnh Chúa theo dõi thông tin khuyến mãi chi tiết bên dưới.\r\n\r\nChuyển vào game	KC gốc	Phúc lợi nạp	Khuyến mãi x2	Tổng cộng\r\n50.000 Kul Xu	500	100	800	1.400\r\n100.000 Kul Xu	1.000	300	800 + 1.200	3.300\r\n200.000 Kul Xu	2.000	700	800 + 1.200 + 1.500	6.200\r\n500.000 Kul Xu	5.000	2.000	800 + 1.200 + 1.500 +2.500	13.000\r\n1.000.000 Kul Xu	10.000	4.000	800 + 1.200 + 1.500 +2.500 + 4.000	24.000\r\n1.000.000 Kul Xu x2 **	10.000 x 2	4.000 x 2	800 + 1.200 + 1.500 +2.500 + 4.000 + 10.000	48.000\r\n**Lưu ý: Phải chuyển 2 lần 1.000.000 Kul Xu mới nhận được Khuyến Mãi.\r\n\r\nChuyển 1 lần 2.000.000 kul xu vào game, sẽ không nhận được kim cương thưởng từ Phúc Lợi Nạp.', '2018-05-18', 'images/god_d81559a0eab519255683657b0b5673b7_116x116.png', '11', '2', '1');
INSERT INTO `tblbaiviet` VALUES ('12', '2', '26/07 Bảo Trì Cập Nhật Tính Năng Mới	', 'Cập nhật mừng Sinh Nhật G.O.D', '26/07 BẢO TRÌ CẬP NHẬT TÍNH NĂNG MỚI\r\nCác Lãnh Chúa thân mến!\r\n\r\nChào Mừng Sinh Nhật Game Of Dragons cùng các sự kiện hấp dẫn và tính năng mới toanh nhé.\r\n\r\nThời gian cụ thể như sau:\r\n\r\nBẢO TRÌ CẬP NHẬT TÍNH NĂNG\r\n09:00 ĐẾN 11:00 NGÀY 26.07.2018\r\nBDH xin giới thiệu sơ lược về những cập nhật mới trong phiên bản này như sau:\r\n\r\nHệ thống Nhẫn phép và phụ bản khiêu chiến\r\nYêu cầu: nhân vật đạt cấp 59, thực hiện nhiệm vụ chính của Cửu Vỹ Hồ để mở Nhẫn Phép.\r\n\r\n\r\n\r\nHoạt động mừng sinh nhật GOD (25.7 – 30.7)\r\n* Thời gian:25.7 – 27.7: Event Đập Trứng và Vui Vẻ Liên Server\r\n\r\n* Thời gian:25.7 – 30.7: Thu thập Ấn Chương\r\nThu thập ấn chương kỷ niệm để đổi các vật phẩm giá trị như: Anh Hùng Demon Hunter, Kiếm Thánh, thời trang U Linh, Thú cưỡi Phượng Hoàng Lửa\r\n\r\n\r\n\r\nĐăng nhập tích lũy nhận Thần Thú Chiến Tranh\r\n\r\n\r\n\r\nNạp tặng X2 Kim Cương + EXP Vip\r\n\r\n\r\n\r\nEvent Fanpage Treo Avatar + Cover Facebook nhận code Sinh Nhật\r\n\r\nThưởng: Quả cầu may mắn*10, Thánh Khí Tinh*10,Ngọc*3888, Cánh Khoảnh Khắc Vui Vẻ*1\r\n\r\nTham gia tại: https://www.facebook.com/gameofdragonsvn/\r\n\r\n\r\n\r\nThời gian:28.7 – 30.7: Event Thám Bảo Long Tháp\r\n\r\nLB Sinh Nhật: Ngọc*1000,Danh hiệu Chúc Mừng Sinh Nhật*1, Năng Lượng Tháp*10\r\n\r\nGiá: 1 kim cương\r\n\r\nĐón chào sinh nhật tưng bừng cùng Game Of Dragon', '2018-07-24', 'images/god_3118b1953264a18356e5419078d99b1d_116x116.png', '11', '1', '1');
INSERT INTO `tblbaiviet` VALUES ('13', '2', 'ĐỔI THƯỞNG ĐÁ RỒNG - THÁNH DỰC SƯ THỨU\r\n', 'Nhanh tay cùng G.O.D săn vật phẩm HOT nhé.\r\n', 'ĐỔI THƯỞNG ĐÁ RỒNG - THÁNH DỰC SƯ THỨU\r\n\r\n\r\nĐỔI THƯỞNG TỪ ĐÁ RỒNG\r\n- Thời gian: 0:00 ngày 26-04-2018 đến 23:59 ngày 01-05-2018\r\n\r\n- Phạm vi áp dụng: S1 đến S49\r\n\r\n- Nội dung sự kiện:Trong thời gian event, thu thập Đá Rồng để đổi Phần Thưởng có giá trị.\r\n\r\n\r\n\r\n\r\n\r\nĐá Rồng\r\n\r\n- Phần thưởng đặc sắc:\r\n\r\n\r\n\r\nThánh Khí: Bao Tay Chiến Thần\r\n\r\n\r\n\r\nThú Cưỡi: Thánh Dực Sư Thứu\r\n\r\n-----------------------------------------------\r\n\r\nNgười chơi nhận Đá Rồng tại các Event sau:\r\n\r\nTREO THƯỞNG\r\nTRẬN DOANH\r\nLUYỆN PHÙ VĂN\r\nMẬT CẢNH\r\nNHIỆN VỤ TREO THƯỞNG: ĐÁ RỒNG\r\n- Thời gian: 0:00 ngày 27-04-2018 đến 23:59 ngày 29-04-2018.\r\n\r\n- Phạm vi áp dụng: S1 đến S49\r\n\r\n\r\n\r\n- Trong thời gian sự kiện, đạt điều kiện nhất định nhận được phần thưởng.\r\n\r\n- Reset lúc 0h mỗi ngày.\r\n\r\nCỐNG HIẾN TRẬN DOANH: ĐÁ RỒNG\r\n- Thời gian: 0:00 ngày 28-04-2018 đến 23:59 ngày 30-04-2018.\r\n\r\n- Phạm vi áp dụng: S1 đến S49\r\n\r\n\r\n\r\n- Trong thời gian sự kiện, đạt điều kiện nhất định nhận được phần thưởng.\r\n\r\n- Reset lúc 0h mỗi ngày.\r\n\r\nLUYỆN PHÙ VĂN: ĐÁ RỒNG\r\n- Thời gian: 0:00 ngày 29-04-2018 đến 23:59 ngày 31-04-2018.\r\n\r\n- Phạm vi áp dụng: S1 đến S49\r\n\r\n\r\n\r\n- Trong thời gian sự kiện, đạt điều kiện nhất định nhận được phần thưởng.\r\n\r\n- Reset lúc 0h mỗi ngày.\r\n\r\nTÍCH ĐIỂM MẬT CẢNH CỰ LONG: ĐÁ RỒNG\r\n- Thời gian: 0:00 ngày 30-04-2018 đến 23:59 ngày 01-05-2018.\r\n\r\n- Phạm vi áp dụng: S1 đến S49\r\n\r\n\r\n\r\n- Trong thời gian hoạt động, đạt điều kiện được nhận phần thưởng.\r\n\r\n- Reset lúc 0h mỗi ngày.\r\n\r\n** Lưu ý:\r\n\r\n- Người chơi lưu ý thời gian còn lại của event, và nhớ nhận hết các phần thưởng trước khi Event kết thúc để tránh trường hợp mất mát không đáng có.\r\n\r\n- Mọi thông tin cụ thể lấy Ingame làm chuẩn.', '2018-04-24', 'images/god_d54b83c3031fd641ad75d1e9df132057_116x116.png', '11', '6', '1');
INSERT INTO `tblbaiviet` VALUES ('14', '3', 'ĐẤU TRƯỜNG NHÓM\r\n', 'Lãnh Chúa có thể tạo phòng riêng hoặc tham gia phòng của người chơi khác. Một phòng tối đa 4 thành v', 'ĐẤU TRƯỜNG NHÓM\r\n\r\n\r\nThời gian diễn ra: 13h00 – 14h00 , 18h00 – 19h00\r\nSố lần đánh nhận được phần thưởng: 15 lần\r\nQuy tắc hoạt động\r\n- Trong thời gian diễn ra Hoạt Động, các Lãnh Chúa nhấp vào icon hoạt động để vào giao diện Đấu Trường Nhóm.\r\n\r\n\r\n\r\n- Lãnh Chúa có thể tạo phòng riêng hoặc tham gia phòng của người chơi khác. Một phòng tối đa 4 thành viên (Lưu ý, đấu trường nhóm không đánh solo 1 mình được)\r\n\r\n\r\n\r\n- Trước khi bắt đầu, chủ phòng nhớ chú ý chỉnh trận hình của cả nhóm.\r\n\r\n- Lãnh Chúa chọn chữ Trận để mở giao diện chỉnh đội hình. Sau đó nhấp chuột trái và điều chỉnh sao cho phù hợp. Trong bảng trận hình có hiển thị Lực Chiến, Cấp Độ, Class hiện tại của các thành viên.\r\n\r\n- Sau khi tất cả thành viên chuẩn bị thì chủ phòng có thể bắt đầu\r\n\r\n\r\n\r\n- Phần thưởng sau khi đánh là Danh Vọng và Huy Chương Vinh Dự. Đánh thắng sẽ nhận được nhiều phần thưởng hơn.\r\n\r\n- Sau khi đánh hết 15 lượt, các Lãnh Chúa vẫn có thể đánh tiếp nhưng không nhận được Phần Thưởng gì2017-08-10\r\n', '2017-08-10', 'images/god_91025441dd97811e59807c913bce5254_116x116.png', '11', '1', '1');
INSERT INTO `tblbaiviet` VALUES ('15', '3', 'PHỤ BẢN ÁC MỘNG - NÂNG SAO TRANG BỊ\r\n', 'Sau khi hoàn thành mức độ Khó từ phụ bản Level 40 -45 trở lên, các Lãnh Chúa sẽ mở được mức độ Ác Mộ', 'PHỤ BẢN ÁC MỘNG - NÂNG SAO TRANG BỊ\r\nPHỤ BẢN ÁC MỘNG\r\n\r\n\r\nSau khi hoàn thành mức độ Khó từ phụ bản Level 40 -45 trở lên, các Lãnh Chúa sẽ mở được mức độ Ác Mộng. Thử thách này \"khó nhằn\" hơn nhiều lần so với mức Khó nên Lãnh Chúa hãy cẩn thận\r\n\r\n\r\n\r\n- Trong mức độ Ác Mộng này sẽ rớt ra 1 nguyên liệu mới: Đá Tăng Sao Trang Bị\r\n\r\n\r\n\r\n- Đá Tăng Sao Trang Bị được dùng trong tính năng mới: Tăng Sao Trang Bị.\r\n\r\nTĂNG SAO TRANG BỊ\r\n\r\n\r\n\r\n\r\nĐiều Kiện: Level 41\r\n- Trong giao diện Tiệm Rèn sẽ có thêm tính năng mới để tăng sao các trang bị.\r\n\r\n- Một vị trí trang bị sẽ có thể tăng được lên 10 sao. Cứ nâng lên được 1 sao thì số lượng Đá tăng sao sẽ tiêu tốn nhiều hơn.\r\n\r\n\r\n\r\n- Khi hết Đá tăng sao trang bị, Lãnh Chúa có thể mua bằng Kim Cương\r\n\r\n\r\n\r\n- Lưu ý, tăng đều sao cho tất cả các vị trí trang bị để nhận được Hiệu Quả Kích Hoạt.', '2017-08-10', 'images/god_ca820d0f7cbe08577264719091644459_116x116.png', '11', '2', '1');
INSERT INTO `tblbaiviet` VALUES ('16', '3', 'Mở Tính Năng Kết Hôn', 'Đối tượng muốn cầu hôn phải Online và Độ Hảo Cảm của cả 2 phải đạt Cấp 2.\r\nĐối tượng muốn cầu hôn ph', 'TỪ 28.09: MỞ TÍNH NĂNG KẾT HÔN\r\nSau bảo dưỡng định kỳ ngày 28.09.2017, ngoài tính năng HOT Kết Hôn/ Ly Hôn, Game Of Dragons còn mở Hệ Thống Thú Cưỡi và Thú Cưỡi Bậc 8. Chi tiết cụ thể như sau:\r\n\r\n1.	Mở Hệ Thống Kết Hôn\r\n\r\n\r\n- Người chơi mua nhẫn để cầu hôn\r\n\r\n\r\n\r\n- Lưu ý: đối tượng cầu hôn phải khác giới tính, độ hảo cảm phải ở Lv 2\r\n\r\n- Người chơi nào đã kết hôn rồi thì sẽ không cầu hôn được nữa\r\n\r\n\r\n\r\n- Để tăng độ hạo cảm có thể tặng Hoa Hồng cho nhau.\r\n\r\nKhi cầu hôn\r\n\r\n\r\n- Đối tượng muốn cầu hôn phải Online và Độ Hảo Cảm của cả 2 phải đạt Cấp 2.\r\n\r\n\r\n\r\n- Đối tượng đồng ý: Cả 2 sẽ nhận được nhẫn Đính Hôn và tiến vào Thánh Đường để Đặt Tiệc và tổ chức Lễ Thành Hôn.\r\n\r\n- Đối tượng không đồng ý: Nhẫn sẽ được gửi trả về thư của người đi cầu hôn.\r\n\r\n\r\n\r\nThánh Đường tại Thánh Quang Thành\r\n\r\nTiến hành Đặt Tiệc:\r\n\r\n\r\n- Khi vào Thánh Đường, tìm tới Đức Cha MinDray để Chọn Nghi Thức.\r\n\r\n\r\n\r\n- Có 3 kiểu Nghi Thức tương ứng với giá tiền và phần thưởng.\r\n\r\n\r\n\r\n- Chọn Nghi Thức và thời gian xong sẽ gửi thiệp mời cho toàn server\r\n\r\n- Lưu ý: Thời gian tổ chức từ 14h00 tới 23h00\r\n\r\n\r\n\r\n\r\n\r\n- Sau khi gửi thiệp mời, Cô Dâu và Chú Rễ sẽ nhận được phần Quà Kết Hôn tương ứng với nghi thức kết hôn\r\n\r\n**Lưu ý: 1 ngày chỉ được tổ chức Lễ cưới 1 lần\r\n\r\n\r\n\r\n\r\n\r\nBộ thời trang Cô Dâu và Chú Rể\r\n\r\n\r\n\r\n\r\n\r\nToàn Server có thể Chúc Phúc cho cặp đôi\r\n\r\n\r\n\r\n- Có 3 loại quà Mừng Cưới. Khi tới thời gian diễn ra lễ Thành Hôn, có thể tặng quà cho cặp đôi.\r\n\r\n\r\n\r\nKhi tặng quà xong người chơi nhận được phần thưởng\r\n\r\nNâng Cấp Nhẫn Cưới:\r\n\r\n\r\n\r\n\r\nTrang Bị nhẫn cưới\r\n\r\n\r\n\r\n- Muốn tăng cấp nhẫn cưới cần Bụi Sao. Có thể tìm được thông qua Phụ Bản tổ đội, Thí luyện vô tận, thí luyện Exp\r\n\r\n\r\n\r\n\r\n\r\n- Khi tăng cấp nhẫn cưới sẽ nhận được thêm chỉ số và kỹ năng đặc biệt của cặp đôi\r\n\r\n\r\n\r\n\r\n\r\n- Kỹ năng của Nhẫn cưới dựa vào độ thân mật. Có thể tặng Hoa để tăng độ thân mật, đi PB Nhóm hoặc online cùng nhau.\r\n\r\nLy Hôn\r\n\r\n\r\n- Vào Thánh Đường và tìm Đức Cha Divvos khi 2 bạn muốn Ly Hôn.\r\n\r\n- Phí Ly Hôn là 250 ngọc\r\n\r\n\r\n\r\n\r\n\r\n- Thư sẽ được gửi về kèm Danh Hiệu Thất Tình\r\n\r\n\r\n\r\nMở Hệ Thống Trang Bị Thú Cưỡi\r\n\r\n\r\n\r\n\r\n- Thú cưỡi có 4 trang bị có thể mang, mua trang bị thú cưỡi tại Shop Đổi Vinh Dự\r\n\r\n\r\n\r\n- Sau khi mua được trang bị thú cưỡi, muốn tăng cấp sẽ tiêu tốn Đá Tăng Cấp Trang Bị Thú Cưỡi\r\n\r\n\r\n\r\nMở Thú Cưỡi Bậc 8\r\n\r\n\r\nThú cưỡi Bậc 8: Thánh Quang Linh Long', '2017-10-03', 'images/god_967e8297e73523e29273b9d71bd3e2ee_116x116.png', '11', '3', '1');
INSERT INTO `tblbaiviet` VALUES ('17', '3', 'HƯỚNG DẪN THANH TOÁN KUL XU BẰNG BẢO KIM\r\n', 'Để người chơi thuận tiện hơn cho việc thanh toán Kul Xu, bắt đầu từ hôm nay hệ thống Kul Xu đã có th', 'HƯỚNG DẪN THANH TOÁN KUL XU BẰNG BẢO KIM\r\nCác bạn thân mến,\r\n\r\nĐể người chơi thuận tiện hơn cho việc thanh toán Kul Xu, bắt đầu từ hôm nay hệ thống Kul Xu đã có thể được nạp bằng Bảo Kim và hưởng ưu đãi 110% khi nạp qua kênh này.\r\n\r\nHƯỚNG DẪN THANH TOÁN KUL XU BẰNG BẢO KIM\r\n\r\nHƯỞNG ƯU ĐÃI 110%\r\n\r\nBước 1: Đăng nhập trang https://id.kul.vn/ chọn nạp Kul Xu bằng Bảo Kim.\r\n\r\n\r\nBước 2: Chọn số tiền muốn nạp và chọn Đồng Ý\r\n\r\n\r\nTiếp theo, hệ thống sẽ link đến trang đăng nhập của Bảo Kim.\r\n\r\nHướng dẫn thanh toán qua tài khoản Bảo Kim\r\nBước 1: Đăng nhập tài khoản Bảo Kim\r\n\r\n\r\n\r\nBước 2: Nhập mã xác minh và thanh toán\r\n\r\n\r\n\r\nBước 3: Nhập mã xác minh giao dịch\r\n\r\n\r\n\r\nBước 4: Thanh toán giao dịch thành công \r\n\r\n\r\n\r\nThanh toán không dùng tài khoản Bảo Kim\r\n(Thanh toán bằng tài khoản Ngân hàng)\r\n\r\nBước 1: Chọn thanh toán bằng tài khoản Ngân hàng\r\n\r\n\r\n\r\nBước 2: Nhập thông tin người thanh toán\r\n\r\n\r\n\r\nBước 3: Chọn hình thức thanh toán qua Ngân hàng\r\n\r\n\r\n\r\nChọn phương thức thanh toán\r\n\r\n\r\n\r\nVí dụ: Thanh toán bằng hình thức ATM online qua VietinBank:\r\nNhập thông tin thẻ:\r\n\r\n\r\n\r\nĐồng ý với điều khoản của Ngân hàng:\r\n\r\n\r\n\r\nBước 4: Nhập mã xác minh giao dịch và hoàn thành giao dịch:\r\n\r\n\r\n\r\n', '2018-04-24', 'images/116x116.png', '11', '4', '1');
INSERT INTO `tblbaiviet` VALUES ('18', '3', 'HƯỚNG DẪN MUA THẺ GATE\r\n', null, 'HƯỚNG DẪN MUA THẺ GATE\r\nNhằm hỗ trợ các bạn mua thẻ thuận lợi và dễ dàng, BĐH xin gửi đến các bạn thông tin địa điểm bán thẻ GATE:\r\n\r\n\r\n\r\n- Mua online: https://daily.gate.vn/the-game-online/the-gate/\r\n\r\n- Địa điểm mua thẻ GATE trực tiếp: https://daily.gate.vn/dia-diem-giao-dich/ ; và toàn bộ các cửa hàng thuộc Thế Giới Di động + Bách Hóa Xanh (không có điện máy xanh): https://www.thegioididong.com/he-thong-sieu-thi-the-gioi-di-dong\r\n\r\n- Danh sách các ví có bán thẻ GATE:\r\n\r\nAppota\r\nVTC pay\r\nPayoo\r\nMomo\r\nMegaCard\r\nWhyPay\r\nVimass\r\nthecaosieure\r\nNaptien24h\r\nBanthe247\r\neDong\r\nM-Pay/ eMonkey\r\nThông tin điểm bán sẽ luôn được cập nhập khi có địa điểm mới tại web site: https://daily.gate.vn/dia-diem-giao-dich/', '2018-06-20', 'images/god_dc90c7663dbeefa59da82f31827ce7a7_116x116.png', '11', '5', '1');
INSERT INTO `tblbaiviet` VALUES ('19', '3', 'HƯỚNG DẪN NẠP KULXU BẰNG THẺ VISA\r\n', 'Nạp kulxu dễ dàng và tiện lợi bằng thẻ Visa\r\n', 'HƯỚNG DẪN NẠP KULXU BẰNG THẺ VISA\r\nHƯỚNG DẪN NẠP KULXU BẰNG THẺ VISA\r\nBƯỚC 1:\r\n\r\nĐăng nhập tài khoản vào trang: id.kul.vn\r\n\r\nChọn hình thức nạp Kulxu bằng thẻ Visa, Master Card.\r\n\r\n\r\n\r\nBƯỚC 2:\r\n\r\nChọn loại thẻ bạn đang dùng\r\n\r\n\r\n\r\nBƯỚC 3:\r\n\r\nĐiền đầy đủ thông tin yêu cầu\r\n\r\nLưu ý: tất cả các mục đều phải cung cấp CHÍNH XÁC\r\n\r\n\r\n\r\nBƯỚC 4:\r\n\r\nClick THANH TOÁN sau khi đã kiểm tra lại toàn bộ thông tin đã nhập.\r\n\r\nClick Get OTP => hệ thống sẽ gửi tin nhắn mã xác thực OTP về điện thoại.\r\n\r\nNhập mã OTP vào ô trống và chọn Submit.\r\n\r\n\r\n\r\nNhư vậy là bạn đã nạp thành công Kulxu, hệ thống sẽ trả về trang id.kul.vn kèm thông báo:\r\n\r\n\r\n\r\nLưu ý:\r\n\r\n- Chủ thẻ phải đăng ký sử dụng Dịch vụ thanh toán trực tuyến (internet banking) của Ngân hàng tại các quầy giao dịch\r\n\r\n+ Bước 1: Đăng ký dịch vụ SMS Banking\r\n\r\n+ Bước 2: Đăng ký Dịch vụ Thanh toán trực tuyến (internet banking)\r\n\r\nChúc các bạn có những giây phút giải trí thật bổ ích với những sản phẩm của Kul!\r\n\r\n', '2018-06-20', 'images/god_90c373896b6b8066a86eb2d336966f33_116x116.png', '11', '6', '1');
INSERT INTO `tblbaiviet` VALUES ('20', '3', 'a', 'a', 'a', '2018-06-20', '', '11', '0', '0');
INSERT INTO `tblbaiviet` VALUES ('21', '3', 'a', 'a', 'a', '2018-06-20', '', '11', '0', '0');
INSERT INTO `tblbaiviet` VALUES ('22', '3', 's', 's', 's', '2018-06-20', '', '11', '0', '0');

-- ----------------------------
-- Table structure for `tbldanhmucbaiviet`
-- ----------------------------
DROP TABLE IF EXISTS `tbldanhmucbaiviet`;
CREATE TABLE `tbldanhmucbaiviet` (
  `iddanhmucbaiviet` int(10) NOT NULL,
  `tendanhmuc` varchar(100) CHARACTER SET utf8 COLLATE utf8_unicode_ci NOT NULL,
  `ordernum` int(10) NOT NULL,
  `status` int(1) NOT NULL,
  PRIMARY KEY (`iddanhmucbaiviet`)
) ENGINE=InnoDB DEFAULT CHARSET=latin1;

-- ----------------------------
-- Records of tbldanhmucbaiviet
-- ----------------------------
INSERT INTO `tbldanhmucbaiviet` VALUES ('0', '', '0', '0');
INSERT INTO `tbldanhmucbaiviet` VALUES ('1', 'Tin Tức', '1', '1');
INSERT INTO `tbldanhmucbaiviet` VALUES ('2', 'Sự Kiện', '1', '1');
INSERT INTO `tbldanhmucbaiviet` VALUES ('3', 'Hướng Dẫn', '1', '1');

-- ----------------------------
-- Table structure for `tblslide`
-- ----------------------------
DROP TABLE IF EXISTS `tblslide`;
CREATE TABLE `tblslide` (
  `idslide` int(10) NOT NULL AUTO_INCREMENT,
  `link` varchar(200) DEFAULT NULL,
  `image` varchar(200) DEFAULT NULL,
  PRIMARY KEY (`idslide`)
) ENGINE=InnoDB DEFAULT CHARSET=latin1;

-- ----------------------------
-- Records of tblslide
-- ----------------------------

-- ----------------------------
-- Table structure for `users`
-- ----------------------------
DROP TABLE IF EXISTS `users`;
CREATE TABLE `users` (
  `iduser` int(10) NOT NULL AUTO_INCREMENT,
  `taikhoan` varchar(100) NOT NULL,
  `matkhau` varchar(100) NOT NULL,
  `hoten` varchar(100) CHARACTER SET utf8 COLLATE utf8_unicode_ci DEFAULT NULL,
  `dienthoai` varchar(100) DEFAULT NULL,
  `email` varchar(100) DEFAULT NULL,
  `diachi` varchar(200) CHARACTER SET utf8 COLLATE utf8_unicode_ci DEFAULT NULL,
  `active` int(1) DEFAULT NULL,
  `remember_token` varchar(200) DEFAULT NULL,
  `code` varchar(200) DEFAULT NULL,
  `time_code` date DEFAULT NULL
  PRIMARY KEY (`iduser`)
) ENGINE=InnoDB AUTO_INCREMENT=14 DEFAULT CHARSET=latin1;

-- ----------------------------
-- Records of users
-- ----------------------------
INSERT INTO `users` VALUES ('1', 'herokhan', 'f7e65daa82143a93b7c5901d3caaf3e9', null, null, null, null, '1',null,null,null);
INSERT INTO `users` VALUES ('2', 'herokhan47', 'c4ca4238a0b923820dcc509a6f75849b', null, null, null, null, '1',null,null,null);
INSERT INTO `users` VALUES ('12', 'd', '8277e0910d750195b448797616e091ad', null, null, null, null, null,null,null,null);
INSERT INTO `users` VALUES ('13', 's', '3691308f2a4c2f6983f2880d32e29c84', null, null, null, null, null,null,null,null);
